{
    "metadata": {
        "title": "Wind Strength Over Time",
        "unit": "knots",
        "date": "21 February 2025"
    },
    "data": [
        {
            "x": "00:00",
            "y": 15.982727200000001
        },
        {
            "x": "00:10",
            "y": 17.0086455
        },
        {
            "x": "00:20",
            "y": 15.982727200000001
        },
        {
            "x": "00:30",
            "y": 15.982727200000001
        },
        {
            "x": "00:40",
            "y": 15.982727200000001
        },
        {
            "x": "00:50",
            "y": 17.9805681
        },
        {
            "x": "01:00",
            "y": 17.0086455
        },
        {
            "x": "01:10",
            "y": 17.9805681
        },
        {
            "x": "01:20",
            "y": 17.9805681
        },
        {
            "x": "01:30",
            "y": 17.9805681
        },
        {
            "x": "01:40",
            "y": 15.0108046
        },
        {
            "x": "01:50",
            "y": 17.9805681
        },
        {
            "x": "02:00",
            "y": 15.0108046
        },
        {
            "x": "02:10",
            "y": 15.0108046
        },
        {
            "x": "02:20",
            "y": 15.982727200000001
        },
        {
            "x": "02:30",
            "y": 15.982727200000001
        },
        {
            "x": "02:40",
            "y": 15.0108046
        },
        {
            "x": "02:50",
            "y": 17.0086455
        },
        {
            "x": "03:00",
            "y": 17.0086455
        },
        {
            "x": "03:10",
            "y": 15.982727200000001
        },
        {
            "x": "03:20",
            "y": 15.0108046
        },
        {
            "x": "03:30",
            "y": 13.9848863
        },
        {
            "x": "03:40",
            "y": 15.0108046
        },
        {
            "x": "03:50",
            "y": 13.9848863
        },
        {
            "x": "04:00",
            "y": 15.0108046
        },
        {
            "x": "04:10",
            "y": 15.982727200000001
        },
        {
            "x": "04:20",
            "y": 17.0086455
        },
        {
            "x": "04:30",
            "y": 15.982727200000001
        },
        {
            "x": "04:40",
            "y": 19.006486400000004
        },
        {
            "x": "04:50",
            "y": 19.006486400000004
        },
        {
            "x": "05:00",
            "y": 17.9805681
        },
        {
            "x": "05:10",
            "y": 19.006486400000004
        },
        {
            "x": "05:20",
            "y": 17.0086455
        },
        {
            "x": "05:30",
            "y": 19.006486400000004
        },
        {
            "x": "05:40",
            "y": 19.006486400000004
        },
        {
            "x": "05:50",
            "y": 19.978409
        },
        {
            "x": "06:00",
            "y": 19.006486400000004
        },
        {
            "x": "06:10",
            "y": 17.9805681
        },
        {
            "x": "06:20",
            "y": 19.978409
        },
        {
            "x": "06:30",
            "y": 19.006486400000004
        },
        {
            "x": "06:40",
            "y": 19.978409
        },
        {
            "x": "06:50",
            "y": 21.0043273
        },
        {
            "x": "07:00",
            "y": 19.006486400000004
        },
        {
            "x": "07:10",
            "y": 15.982727200000001
        },
        {
            "x": "07:20",
            "y": 17.0086455
        },
        {
            "x": "07:30",
            "y": 19.006486400000004
        },
        {
            "x": "07:40",
            "y": 19.006486400000004
        },
        {
            "x": "07:50",
            "y": 19.006486400000004
        },
        {
            "x": "08:00",
            "y": 19.006486400000004
        },
        {
            "x": "08:10",
            "y": 19.978409
        },
        {
            "x": "08:20",
            "y": 19.978409
        },
        {
            "x": "08:30",
            "y": 19.978409
        },
        {
            "x": "08:40",
            "y": 17.9805681
        },
        {
            "x": "08:50",
            "y": 19.006486400000004
        },
        {
            "x": "09:00",
            "y": 19.978409
        },
        {
            "x": "09:10",
            "y": 19.006486400000004
        },
        {
            "x": "09:20",
            "y": 19.978409
        },
        {
            "x": "09:30",
            "y": 19.006486400000004
        },
        {
            "x": "09:40",
            "y": 19.006486400000004
        },
        {
            "x": "09:50",
            "y": 19.978409
        },
        {
            "x": "10:00",
            "y": 19.978409
        },
        {
            "x": "10:10",
            "y": 19.006486400000004
        },
        {
            "x": "10:20",
            "y": 19.978409
        },
        {
            "x": "10:30",
            "y": 19.978409
        },
        {
            "x": "10:40",
            "y": 19.978409
        },
        {
            "x": "10:50",
            "y": 17.9805681
        },
        {
            "x": "11:00",
            "y": 19.978409
        },
        {
            "x": "11:10",
            "y": 19.978409
        },
        {
            "x": "11:20",
            "y": 17.9805681
        },
        {
            "x": "11:30",
            "y": 17.9805681
        },
        {
            "x": "11:40",
            "y": 19.006486400000004
        },
        {
            "x": "11:50",
            "y": 17.9805681
        },
        {
            "x": "12:00",
            "y": 17.0086455
        },
        {
            "x": "12:10",
            "y": 15.982727200000001
        },
        {
            "x": "12:20",
            "y": 17.9805681
        },
        {
            "x": "12:30",
            "y": 17.0086455
        },
        {
            "x": "12:40",
            "y": 17.9805681
        },
        {
            "x": "12:50",
            "y": 15.982727200000001
        },
        {
            "x": "13:00",
            "y": 15.982727200000001
        },
        {
            "x": "13:10",
            "y": 17.9805681
        },
        {
            "x": "13:20",
            "y": 15.982727200000001
        },
        {
            "x": "13:30",
            "y": 15.0108046
        },
        {
            "x": "13:40",
            "y": 17.0086455
        },
        {
            "x": "13:50",
            "y": 13.9848863
        },
        {
            "x": "14:00",
            "y": 15.982727200000001
        },
        {
            "x": "14:10",
            "y": 15.0108046
        },
        {
            "x": "14:20",
            "y": 13.9848863
        },
        {
            "x": "14:30",
            "y": 15.0108046
        },
        {
            "x": "14:40",
            "y": 13.9848863
        },
        {
            "x": "14:50",
            "y": 15.0108046
        },
        {
            "x": "15:00",
            "y": 15.0108046
        },
        {
            "x": "15:10",
            "y": 15.0108046
        },
        {
            "x": "15:20",
            "y": 17.9805681
        },
        {
            "x": "15:30",
            "y": 17.0086455
        },
        {
            "x": "15:40",
            "y": 17.9805681
        },
        {
            "x": "15:50",
            "y": 17.9805681
        },
        {
            "x": "16:00",
            "y": 17.0086455
        },
        {
            "x": "16:10",
            "y": 21.0043273
        },
        {
            "x": "16:20",
            "y": 13.9848863
        },
        {
            "x": "16:30",
            "y": 13.9848863
        },
        {
            "x": "16:40",
            "y": 19.006486400000004
        },
        {
            "x": "16:50",
            "y": 13.9848863
        },
        {
            "x": "17:00",
            "y": 13.012963700000002
        },
        {
            "x": "17:10",
            "y": 13.9848863
        },
        {
            "x": "17:20",
            "y": 9.9892045
        },
        {
            "x": "17:30",
            "y": 9.9892045
        },
        {
            "x": "17:40",
            "y": 15.0108046
        },
        {
            "x": "17:50",
            "y": 11.9870454
        },
        {
            "x": "18:00",
            "y": 13.012963700000002
        },
        {
            "x": "18:10",
            "y": 22.0302456
        },
        {
            "x": "18:20",
            "y": 13.9848863
        },
        {
            "x": "18:30",
            "y": 15.0108046
        },
        {
            "x": "18:40",
            "y": 13.9848863
        },
        {
            "x": "18:50",
            "y": 5.9935227
        },
        {
            "x": "19:00",
            "y": 5.9935227
        },
        {
            "x": "19:10",
            "y": 7.991363600000001
        },
        {
            "x": "19:20",
            "y": 5.9935227
        },
        {
            "x": "19:30",
            "y": 5.9935227
        },
        {
            "x": "19:40",
            "y": 9.0172819
        },
        {
            "x": "19:50",
            "y": 19.006486400000004
        },
        {
            "x": "20:00",
            "y": 21.0043273
        },
        {
            "x": "20:10",
            "y": 19.978409
        },
        {
            "x": "20:20",
            "y": 19.978409
        },
        {
            "x": "20:30",
            "y": 19.006486400000004
        },
        {
            "x": "20:40",
            "y": 17.0086455
        },
        {
            "x": "20:50",
            "y": 17.0086455
        },
        {
            "x": "21:00",
            "y": 17.0086455
        },
        {
            "x": "21:10",
            "y": 19.978409
        },
        {
            "x": "21:20",
            "y": 19.006486400000004
        },
        {
            "x": "21:30",
            "y": 17.9805681
        },
        {
            "x": "21:40",
            "y": 17.0086455
        },
        {
            "x": "21:50",
            "y": 19.006486400000004
        },
        {
            "x": "22:00",
            "y": 17.0086455
        },
        {
            "x": "22:10",
            "y": 17.0086455
        },
        {
            "x": "22:20",
            "y": 21.0043273
        },
        {
            "x": "22:30",
            "y": 19.006486400000004
        },
        {
            "x": "22:40",
            "y": 17.9805681
        },
        {
            "x": "22:50",
            "y": 15.982727200000001
        },
        {
            "x": "23:00",
            "y": 13.9848863
        },
        {
            "x": "23:10",
            "y": 21.0043273
        },
        {
            "x": "23:20",
            "y": 19.978409
        },
        {
            "x": "23:30",
            "y": 19.006486400000004
        },
        {
            "x": "23:40",
            "y": 19.006486400000004
        },
        {
            "x": "23:50",
            "y": 19.978409
        }
    ]
}